SNP	Locus	CD_SNP	tTGA_SNP	T1D_SNP	IAA_SNP	SNP_locus
rs4851575	IL18R1, IL18RAP	1	0	0	0	rs4851575 (IL18R1, IL18RAP)
rs114569351	PLEK,FBXO48	1	0	0	0	rs114569351 (PLEK,FBXO48)
rs12493471	CCR9,LZTFL1,CXCR6	1	0	0	0	rs12493471 (CCR9,LZTFL1,CXCR6)
rs1054091	RSPH3,TAGAP	1	0	0	0	rs1054091 (RSPH3,TAGAP)
rs72704176	ASH1L	1	0	0	0	rs72704176 (ASH1L)
rs3771689	BAZ2B	1	0	0	0	rs3771689 (BAZ2B)
rs13014907	ZNF804A	1	0	0	0	rs13014907 (ZNF804A)
rs11739460	TCOF1	1	0	0	0	rs11739460 (TCOF1)
rs77532435	GRB10	1	0	0	0	rs77532435 (GRB10)
rs6967298	AUTS2	1	0	0	0	rs6967298 (AUTS2)
rs61751041	LAMB1	1	0	0	0	rs61751041 (LAMB1)
rs2409747	XKR6	1	1	0	0	rs2409747 (XKR6)
rs12990970	NPM1P33,CTLA4	0	1	0	0	rs12990970 (NPM1P33,CTLA4)
rs11709472	LPP	0	1	0	0	rs11709472 (LPP)
rs72717025	FCGR2A	0	1	0	0	rs72717025 (FCGR2A)
rs114157400	BANK1	0	1	0	0	rs114157400 (BANK1)
rs117561283	IFNG	0	1	0	0	rs117561283 (IFNG)
rs8013918	FOS	0	1	0	0	rs8013918 (FOS)
rs73043122	RNASET2/MIR3939	0	0	1	0	rs73043122 (RNASET2/MIR3939)
rs113306148	PLEKHA1/MIR3941	0	0	1	0	rs113306148 (PLEKHA1/MIR3941)
rs428595	PPIL2	0	0	1	1	rs428595 (PPIL2)
rs1004446	INS	0	0	1	1	rs1004446 (INS)
rs2476601	PTPN22	0	0	1	1	rs2476601 (PTPN22)
rs2292239	ERBB3	0	0	1	1	rs2292239 (ERBB3)
rs3184504	SH2B3	0	0	0	1	rs3184504 (SH2B3)
rs9934817	RBFOX1	0	0	0	1	rs9934817 (RBFOX1)
rs11705721	PXK/PDHB	0	0	0	1	rs11705721 (PXK/PDHB)
