mp257_maskid,tri-SNP 101,C4A,C4B
202958,1,3.588614140750604,2.764562004726391
207947,2,4.083407685381605,2.728281261243503
208262,2,9.23215923818367,1.5100527852954722
211000,0,6.1170809694770965,1.0999967440096377
223323,2,0.782750504762254,5.218336698415027
226221,2,0.9652695752796087,3.991382819596953
226745,2,1.2408346358957993,3.159613307799757
227518,2,0.47663539263257526,4.919702775960003
236592,2,3.086169447641801,3.2576317381219955
240297,0,4.8388052501735235,1.4844585101450107
242577,2,1.2707139448552853,3.0912707706758678
248782,2,0.46919511220683807,4.297987515871359
250031,2,0.5933650572005398,5.182206510463043
257609,1,3.3448025527533085,2.1363176430297197
262484,2,0.8323541611465402,4.398804334344192
268654,1,5.1476591982278554,2.921943575015496
279794,2,0.6842028857892845,4.26686915428041
283976,2,2.676107317911036,2.201924963663698
292507,1,1.7877003263952167,2.7204135401666343
293434,2,0.7538705405745316,3.6162556391368206
294081,1,2.2364147682141557,2.9216186056848343
301362,2,0.8868578661277409,3.8261582224368254
309154,2,0.7923466288305305,3.1495778496013584
311134,2,0.6134701453553495,2.2671722763132482
311576,1,5.802805178546369,2.72711338779741
328300,2,0.8566174057539105,4.337833454473261
333658,1,1.6411562727933782,4.239293983478256
336164,1,2.0457015421404545,3.1332897037847474
345190,2,0.9411141134742695,3.787984306733935
358794,2,1.1743606616926963,4.463316783317267
369620,1,1.5758088910504986,2.792491113122642
374012,2,2.839661762808975,2.78287354526776
378289,1,2.0026132925459907,2.3560156382894006
378354,1,2.392815937047459,3.419704046249659
381229,2,3.314683276058668,2.3983204871153188
390501,2,1.296939662852522,3.367505339924788
394724,0,13.265684697283612,2.1364359382707794
397135,2,2.0742410035270162,4.722804923947132
400125,2,0.6541715962443932,4.015431402589751
412648,2,0.7573429811616343,3.9496144099168355
424850,2,1.1380491129646897,2.999041771281497
425817,2,0.9851019744727241,4.460322828862612
428658,2,0.7421600072236908,4.558982901516957
443529,1,4.138502521108203,3.3516564100202877
449396,2,1.0546790625674995,4.076065515311535
461047,2,2.395878689341218,3.113715369646873
463846,2,0.54729314284728,4.456368415126887
482641,1,2.0278279125845122,2.54311148266014
488033,2,7.142491032216977,0.7710643727961509
488084,2,0.5543082323208504,4.195099063525802
494459,2,0.8406702514070651,3.2217679944068776
498870,2,0.7063667127512083,6.110072065297952
505092,2,0.6211245280143726,4.580312626172736
530888,2,0.7070436064793258,3.591329743576435
532651,2,0.8507438888203385,4.2842786210730095
539747,2,0.9765349140051446,4.132793733210836
543666,1,2.5429928536150666,2.599382870244801
551831,1,1.7995019180504135,2.169492966621527
554199,2,0.9143700171278921,4.557441851647898
563882,1,9.41909916677421,3.2321064961234733
594648,1,2.34896935866976,2.171688652355061
597219,2,2.921196076707947,2.4380135065948267
603148,2,0.7958966273823702,4.9626115368853245
609473,1,2.35741773249587,3.4147853191679016
612508,1,5.802778741109938,2.035529715467884
612788,2,0.7095045657328309,3.2991962306576643
613658,1,2.351044605690113,3.6844353527531273
615283,2,0.8120165745274415,4.472207742923751
626392,2,0.6525031079538661,4.012894113916277
659329,1,4.956835291985048,2.5583666023148632
661590,2,1.1201456692668774,4.608977241811852
662826,2,1.0357451176269836,3.4352213067961626
663097,0,5.738868648571875,1.6356209288827324
684725,1,2.094638557915607,2.784639313583411
689783,2,0.7931218883597664,4.695280785720103
691760,2,0.7867254668412593,6.469396347277893
693883,2,5.033027464765867,2.6532807830559193
694923,2,0.6523410951453984,5.143952604348131
698153,1,1.8199984451032152,3.296600957168088
705236,2,0.9362759270203468,4.617373754378273
719784,2,0.4269359111561007,4.665799600491672
723977,1,1.7053764859364837,2.573749657906532
729506,2,1.0119202669307863,4.2316685448833
730367,2,1.0205288497303204,2.9356736422748977
741207,2,1.8391399411258527,4.208624870364644
742556,1,2.3215844431445847,3.2775309785570608
754753,2,0.6915640979858152,4.7340217714876545
758563,2,0.7966043709168202,5.30484055159396
765991,2,1.1264340630012397,4.231066753701644
787200,2,1.042172554594209,4.359061130739594
796034,2,1.0215130135336519,4.6735030234596735
808374,2,1.116704660243338,3.538622833585526
810197,2,1.3929795571543864,2.0645947007823944
818408,2,1.1680529598717093,3.617244812153192
818670,2,0.9322537899856442,4.120887728368558
845753,1,7.028785943120998,2.0320186849781083
848530,2,0.9342004867652018,5.697952216602253
854300,2,0.5642854051554489,5.228710188829378
860129,2,0.5905044201775049,4.295190800053021
864295,0,8.17367588255843,2.6643474881143594
867453,2,0.5482278996989322,3.1016599901746327
878135,2,0.7127697387980264,5.411345774214557
880235,2,1.3900823240492166,3.9628954102736085
889040,2,0.9737461603111274,4.16094927327539
891089,2,0.5488625520242537,4.489360437867455
892306,1,4.851903605642812,3.5549223243721935
903531,1,1.7428225679334597,2.5228600717225698
903597,0,9.692514423374677,2.0962397361045872
912589,2,0.6511314515894835,4.47727746133522
912825,2,0.956859366014366,3.9802424837435044
915641,2,1.1143756539527796,2.3030430181690775
919916,2,0.5725896810535908,4.258635752836081
921335,2,0.7885040099371425,5.010677440458276
926248,2,0.7344214066655828,2.9650080599818764
930337,1,2.318097973071138,3.4763825716827554
932102,1,12.421330039125548,4.9459079639993435
948092,2,5.4920293904041335,2.1764436488130383
954961,1,2.4462766926684436,2.3155675164292777
959973,2,0.784855114118795,4.197521032758075
960665,2,0.7906106064238387,5.661792084712651
961156,2,5.960989792550104,2.1477095576099643
964802,2,1.0272170884503318,5.335428194789773
968320,0,4.519710062564577,2.3581095978597797
973790,2,1.200222906357129,3.1257005676529097
975961,2,0.654024103285389,4.594508594536569
988912,2,0.7306373285865548,3.9281181738922335
990056,1,2.1282669909237497,4.194294174556365
990436,1,2.1066215242346167,3.252463680035353
993185,2,0.8135214702069655,3.7171977839860046
